68, pocketed
68, juggy
69, pocketed
69, ledges
70, roof
70, bouldery
70, arete
70, flake
70, powerful
71, bouldery
72, roof
72, steep
72, crimpy
72, balancy
73, cruxy
73, face
73, pocketed
73, steep
73, crimpy
73, huecos
74, cruxy
74, face
74, steep
74, juggy
75, cruxy
75, face
75, pocketed
75, steep
75, juggy
75, huecos
75, pumpy
75, sequential
75, undercling
75, powerful
76, cruxy
76, roof
76, slabby
76, thin
77, steep
77, ledges
78, pocketed
78, steep
78, juggy
78, pumpy
78, classic
78, ledges
78, powerful
79, steep
79, bouldery
80, pocketed
80, steep
80, slabby
80, crimpy
81, vertical
82, face
82, pocketed
82, steep
82, vertical
83, face
83, roof
83, pocketed
83, steep
83, bouldery
83, thin
84, crack
84, steep
84, sustained
85, pocketed
85, thin
86, crack
86, cruxy
86, steep
86, huecos
87, slabby
88, crack
88, cruxy
88, pocketed
88, huecos
89, face
89, pocketed
89, crimpy
89, vertical
90, pocketed
90, steep
90, dihedral
91, bouldery
91, crimpy
92, pocketed
92, bouldery
92, crimpy
92, sequential
93, bouldery
93, arete
93, pumpy
94, pocketed
94, bouldery
94, juggy
94, crimpy
94, slopers
96, crack
96, cruxy
97, slabby
98, crack
98, pocketed
99, crack
99, slabby
99, juggy
100, bouldery
100, juggy
101, bouldery
101, slabby
101, juggy
101, arete
102, cruxy
102, bouldery
102, juggy
102, vertical
102, powerful
104, cruxy
104, slabby
105, balancy
106, bouldery
106, vertical
107, face
107, bouldery
108, face
109, roof
109, juggy
109, thin
110, crack
110, face
111, crack
111, vertical
111, chimney
111, stem
112, slopers
113, bouldery
113, corner
114, crack
114, bouldery
114, dihedral
115, crack
116, crack
116, face
116, pumpy
117, crack
117, corner
117, chimney
117, tricky
117, classic
118, crack
118, cruxy
118, face
118, dihedral
119, crack
119, cruxy
119, face
120, crack
120, face
120, slabby
121, crack
121, face
121, thin
122, cruxy
122, flake
123, arete
124, crack
124, face
125, crack
126, tricky
127, crack
127, off-width
128, crack
128, dihedral
129, cruxy
129, roof
129, stem
130, classic
131, crack
131, face
131, pocketed
131, steep
131, thin
132, crack
132, cruxy
132, face
132, roof
132, corner
132, vertical
132, pumpy
132, stem
133, crack
133, face
133, roof
133, dihedral
133, thin
133, classic
133, off-width
133, layback
134, crack
134, flake
134, chimney
134, off-width
135, crack
135, cruxy
135, flake
135, undercling
136, crack
136, face
136, steep
136, pumpy
136, stem
137, crack
137, chimney
138, crack
138, face
138, steep
138, technical
138, chimney
139, crack
139, stem
140, crack
140, tricky
141, pocketed
141, steep
141, flake
142, cruxy
142, steep
142, juggy
142, pumpy
143, juggy
144, cruxy
144, bouldery
144, pumpy
145, cruxy
145, slabby
146, roof
146, steep
148, crack
148, cruxy
148, face
148, roof
148, corner
149, crack
149, cruxy
149, face
149, dihedral
150, roof
150, pocketed
151, face
151, pocketed
152, roof
152, pocketed
152, steep
153, steep
153, bouldery
153, juggy
153, thin
155, pocketed
156, dihedral
157, crack
157, face
157, roof
157, corner
158, steep
158, arete
159, face
159, pocketed
159, slabby
159, arete
160, face
160, steep
160, pumpy
161, cruxy
161, pocketed
161, steep
161, bouldery
161, thin
161, pumpy
162, cruxy
163, arete
164, cruxy
164, steep
164, thin
164, technical
164, tricky
164, slopers
165, pocketed
165, vertical
165, pinches
166, crack
166, roof
166, dihedral
166, thin
166, pumpy
167, roof
167, bouldery
167, thin
168, crack
168, cruxy
168, roof
168, corner
169, roof
169, steep
169, corner
171, crack
171, cruxy
171, crimpy
171, pinches
175, ledges
176, arete
177, crack
178, crack
178, face
178, vertical
178, chimney
179, face
179, arete
181, crack
181, stem
182, roof
182, steep
182, off-width
183, crack
183, thin
185, pocketed
185, ledges
186, cruxy
186, slabby
187, cruxy
187, face
187, roof
187, arete
187, sustained
188, crack
188, bouldery
188, thin
188, flake
189, crack
189, corner
189, layback
190, face
190, roof
190, corner
190, flake
191, crack
191, roof
191, vertical
192, chimney
193, slabby
194, crack
194, cruxy
194, face
194, steep
194, bouldery
195, crack
195, cruxy
195, face
195, roof
195, bouldery
195, thin
195, vertical
196, cruxy
196, arete
197, crack
197, cruxy
198, crack
198, cruxy
198, roof
199, crack
199, huecos
200, crack
200, thin
200, stem
201, roof
201, juggy
201, corner
202, bouldery
203, off-width
204, cruxy
204, face
204, pocketed
205, crack
206, bouldery
206, arete
206, slopers
207, crack
207, chimney
207, off-width
208, cruxy
209, crack
209, stem
210, crack
210, cruxy
211, dihedral
211, corner
211, stem
214, crack
214, roof
214, slabby
214, arete
214, chimney
215, crack
215, flake
216, crack
216, cruxy
216, bouldery
216, thin
216, flake
216, balancy
216, stem
217, ledges
218, crack
219, roof
219, bouldery
219, off-width
220, cruxy
220, face
220, thin
221, crack
221, cruxy
221, face
221, dihedral
221, chimney
221, classic
222, crack
222, corner
222, stem
223, crack
223, roof
224, cruxy
224, arete
224, technical
224, pumpy
225, face
225, roof
225, steep
225, vertical
226, flake
226, technical
226, pumpy
226, balancy
227, flake
228, face
229, dihedral
230, face
230, pocketed
230, arete
231, face
231, corner
232, cruxy
232, face
232, slabby
232, crimpy
232, technical
232, balancy
233, flake
233, chimney
234, roof
234, slabby
234, technical
234, sequential
234, pinches
235, cruxy
235, juggy
236, crack
236, cruxy
236, chimney
237, crack
237, layback
238, crack
238, thin
238, chimney
238, classic
239, cruxy
239, pocketed
239, steep
239, bouldery
239, slabby
239, juggy
239, arete
239, slopers
240, crack
240, flake
240, off-width
265, crack
265, corner
266, cruxy
266, face
266, dihedral
267, cruxy
267, roof
267, pocketed
267, juggy
267, arete
267, technical
267, pumpy
267, tricky
267, ledges
268, cruxy
268, pocketed
268, steep
268, thin
268, pumpy
268, tricky
268, slopers
268, powerful
269, crack
270, face
270, arete
270, crimpy
270, huecos
270, classic
271, cruxy
272, cruxy
272, roof
272, slabby
272, technical
272, tricky
273, cruxy
273, face
273, arete
274, arete
276, cruxy
277, pumpy
278, face
278, roof
278, pocketed
278, thin
278, classic
279, crack
279, tricky
280, face
280, bouldery
280, balancy
281, thin
282, roof
282, bouldery
282, pumpy
283, slabby
283, crimpy
284, bouldery
285, roof
285, pocketed
285, tricky
286, pumpy
287, slabby
287, tricky
288, face
288, roof
289, cruxy
289, pocketed
289, steep
289, bouldery
290, cruxy
290, pumpy
291, pocketed
291, bouldery
292, vertical
292, pumpy
293, cruxy
293, crimpy
293, technical
293, slopers
294, face
294, chimney
295, cruxy
295, thin
296, cruxy
296, face
296, vertical
296, ledges
297, roof
297, juggy
297, dihedral
297, layback
298, crack
298, face
298, roof
298, vertical
299, balancy
300, arete
300, thin
301, face
301, crimpy
301, vertical
302, face
302, pocketed
302, arete
302, chimney
303, face
303, arete
304, cruxy
304, juggy
304, crimpy
304, huecos
304, slopers
304, sequential
305, face
305, pocketed
305, steep
305, bouldery
305, huecos
305, sustained
306, slabby
306, technical
307, crack
308, pocketed
308, juggy
308, huecos
308, slopers
309, dihedral
310, juggy
310, technical
312, crack
313, crack
313, slabby
313, off-width
314, cruxy
314, pocketed
314, huecos
314, pumpy
314, slopers
314, sustained
314, balancy
315, face
315, thin
316, crack
316, face
316, flake
316, huecos
316, layback
317, bouldery
318, cruxy
318, face
318, pocketed
318, bouldery
318, crimpy
318, thin
318, slopers
319, face
319, roof
319, bouldery
319, slabby
319, thin
320, cruxy
320, face
320, roof
320, huecos
321, cruxy
321, pocketed
321, juggy
321, crimpy
321, huecos
321, vertical
321, pumpy
321, slopers
321, sequential
321, powerful
322, cruxy
322, steep
322, juggy
322, pumpy
323, crack
323, face
323, slabby
324, steep
324, juggy
324, huecos
324, slopers
324, sequential
326, face
326, slabby
326, dihedral
326, huecos
326, technical
326, balancy
327, slabby
327, arete
329, crack
329, face
330, crack
330, juggy
331, slabby
331, technical
332, roof
332, dihedral
332, stem
333, crack
333, dihedral
333, corner
333, layback
333, stem
334, cruxy
334, pocketed
334, steep
336, pocketed
336, corner
336, flake
336, slopers
337, pocketed
337, juggy
337, crimpy
337, huecos
337, pumpy
337, slopers
337, sequential
338, pocketed
339, cruxy
339, face
339, pocketed
339, bouldery
339, slopers
340, pocketed
340, bouldery
340, slabby
340, tricky
340, slopers
341, crack
341, pocketed
342, crack
342, arete
342, dihedral
342, corner
343, face
343, bouldery
343, slabby
344, dihedral
345, steep
345, arete
345, pumpy
345, slopers
346, face
346, pocketed
346, steep
346, pumpy
347, pocketed
347, flake
348, crack
348, cruxy
348, pocketed
348, bouldery
348, stem
350, face
351, face
351, pocketed
351, pumpy
351, sequential
353, face
353, arete
354, huecos
354, slopers
355, face
355, pocketed
355, steep
356, face
356, pocketed
356, steep
356, bouldery
357, bouldery
357, juggy
357, pumpy
358, classic
359, bouldery
360, roof
360, slabby
361, cruxy
361, slabby
362, cruxy
362, bouldery
362, classic
363, steep
363, juggy
363, pumpy
364, steep
364, pumpy
365, cruxy
365, roof
365, bouldery
365, arete
365, corner
365, pumpy
365, slopers
366, dihedral
366, chimney
367, cruxy
367, slopers
367, sequential
367, stem
368, cruxy
368, face
368, pocketed
368, thin
368, flake
368, technical
368, pumpy
368, ledges
369, face
369, pocketed
369, steep
369, slabby
369, thin
369, technical
369, pumpy
369, classic
370, cruxy
370, pocketed
370, thin
370, pinches
371, crack
371, face
371, juggy
371, flake
371, vertical
372, face
372, roof
372, thin
372, vertical
372, layback
373, arete
375, roof
375, steep
375, juggy
376, cruxy
376, roof
376, juggy
376, arete
376, flake
376, technical
376, sequential
377, crack
377, thin
377, corner
377, pumpy
378, bouldery
378, slabby
378, thin
378, off-width
379, face
379, steep
379, pumpy
379, balancy
380, face
380, pocketed
380, slabby
381, cruxy
381, pocketed
381, slopers
381, stem
382, steep
382, slabby
383, face
383, pocketed
383, arete
383, crimpy
383, thin
383, flake
384, pocketed
384, steep
384, juggy
385, slabby
385, tricky
386, steep
386, crimpy
386, powerful
388, cruxy
388, steep
388, juggy
389, steep
390, face
390, flake
390, chimney
391, pinches
394, thin
394, vertical
395, bouldery
395, slabby
397, cruxy
397, face
397, arete
397, crimpy
397, thin
397, technical
398, crack
398, cruxy
398, thin
398, flake
399, crack
399, face
400, pocketed
400, technical
400, vertical
400, pumpy
402, bouldery
403, crack
403, dihedral
403, corner
403, sustained
404, bouldery
404, tricky
404, sustained
405, face
406, pumpy
407, crack
407, cruxy
407, chimney
407, stem
408, roof
408, dihedral
408, flake
409, cruxy
409, crimpy
409, slopers
410, flake
410, ledges
412, juggy
412, flake
413, face
413, roof
413, technical
413, balancy
414, balancy
417, roof
418, cruxy
418, bouldery
419, crack
419, face
419, off-width
420, roof
421, bouldery
422, face
422, roof
422, vertical
423, face
424, face
424, steep
424, juggy
424, arete
424, corner
424, stem
425, crack
425, chimney
426, thin
426, huecos
427, face
427, pinches
429, cruxy
429, face
429, roof
429, slabby
429, sustained
430, face
431, bouldery
431, flake
432, face
432, tricky
432, sequential
433, face
433, roof
433, pocketed
433, steep
433, bouldery
433, slabby
433, arete
433, thin
433, flake
433, huecos
433, technical
434, balancy
435, juggy
436, juggy
436, crimpy
437, chimney
438, face
439, slabby
439, arete
439, thin
439, sequential
440, face
441, roof
441, steep
442, cruxy
442, bouldery
442, huecos
442, pumpy
442, classic
443, face
443, steep
443, arete
444, slopers
444, undercling
445, face
445, steep
445, arete
445, huecos
446, steep
446, undercling
447, crack
447, cruxy
447, face
447, corner
447, technical
447, tricky
448, cruxy
448, roof
448, pocketed
448, bouldery
448, crimpy
448, huecos
448, pumpy
448, slopers
449, pocketed
449, bouldery
449, crimpy
449, powerful
450, bouldery
450, crimpy
450, flake
451, bouldery
451, thin
451, pumpy
452, steep
452, arete
453, crack
453, slabby
453, juggy
453, stem
454, pumpy
454, slopers
455, slabby
456, juggy
456, arete
457, crack
457, cruxy
457, pocketed
457, steep
457, juggy
458, crimpy
458, pumpy
459, face
459, chimney
459, sustained
460, crack
460, cruxy
460, pocketed
460, bouldery
460, crimpy
460, thin
460, vertical
460, classic
460, undercling
460, layback
461, cruxy
461, slopers
462, crack
462, face
462, slabby
462, dihedral
462, slopers
463, crack
463, cruxy
463, face
463, slabby
463, huecos
464, cruxy
464, face
464, bouldery
465, crack
465, steep
465, vertical
465, pumpy
465, sequential
466, cruxy
466, pocketed
467, crack
467, cruxy
467, steep
467, corner
467, slopers
467, stem
468, crack
468, cruxy
469, crack
470, crack
470, slabby
470, juggy
470, arete
470, thin
470, flake
470, pumpy
470, tricky
471, cruxy
471, roof
471, steep
471, bouldery
471, juggy
471, arete
471, dihedral
471, technical
471, pumpy
471, tricky
471, slopers
471, sequential
471, pinches
472, crack
472, face
472, steep
472, corner
472, flake
473, bouldery
473, crimpy
473, powerful
474, sequential
475, crack
475, roof
475, dihedral
476, face
476, classic
477, crack
477, steep
477, slabby
478, face
478, roof
478, pumpy
479, cruxy
479, face
479, roof
479, slabby
479, arete
479, crimpy
479, huecos
479, slopers
479, undercling
480, cruxy
480, thin
481, crack
481, cruxy
481, roof
481, pocketed
481, thin
482, pocketed
482, steep
482, juggy
482, sequential
483, steep
483, dihedral
483, ledges
483, sequential
483, powerful
484, vertical
484, pumpy
484, sequential
485, cruxy
485, steep
485, juggy
485, crimpy
485, thin
485, huecos
485, pumpy
486, roof
486, pumpy
486, tricky
487, bouldery
488, arete
489, cruxy
489, juggy
489, huecos
489, pumpy
489, classic
489, slopers
489, undercling
490, crack
490, slabby
490, huecos
490, slopers
491, pocketed
491, bouldery
491, thin
491, pumpy
491, sequential
492, cruxy
492, face
492, pocketed
492, steep
492, slabby
492, juggy
492, thin
492, flake
492, technical
492, classic
493, bouldery
494, cruxy
494, slopers
494, undercling
495, cruxy
495, steep
496, bouldery
496, crimpy
496, thin
496, slopers
496, pinches
497, cruxy
497, steep
497, slabby
497, crimpy
497, flake
497, huecos
497, pumpy
498, crack
498, cruxy
498, juggy
498, stem
499, cruxy
499, juggy
499, pumpy
499, classic
500, bouldery
500, thin
500, pumpy
500, sustained
501, pocketed
501, steep
501, vertical
502, cruxy
502, slopers
502, stem
503, bouldery
503, slabby
504, cruxy
504, face
504, pocketed
504, undercling
504, powerful
505, cruxy
505, juggy
505, pumpy
505, classic
505, undercling
507, corner
507, technical
507, stem
508, steep
508, huecos
508, slopers
509, cruxy
509, pocketed
509, bouldery
509, thin
509, technical
509, pumpy
509, sustained
510, face
510, vertical
511, cruxy
511, bouldery
511, huecos
511, pumpy
511, slopers
512, bouldery
512, slabby
512, dihedral
512, sustained
513, cruxy
513, bouldery
513, slabby
513, dihedral
513, technical
514, roof
514, pocketed
515, cruxy
516, cruxy
516, crimpy
516, pumpy
517, slabby
517, flake
518, cruxy
518, juggy
518, arete
519, face
519, roof
519, bouldery
519, huecos
519, sustained
519, balancy
520, face
520, pocketed
520, steep
520, bouldery
520, thin
521, face
522, cruxy
522, roof
522, juggy
522, corner
524, bouldery
524, juggy
525, roof
525, slabby
526, cruxy
526, pocketed
526, bouldery
526, crimpy
526, flake
527, cruxy
527, face
527, roof
528, cruxy
528, face
528, pocketed
528, steep
528, dihedral
528, flake
529, cruxy
529, slabby
529, thin
530, crack
530, slabby
530, dihedral
530, flake
531, cruxy
531, pocketed
531, juggy
532, bouldery
533, crack
533, face
534, crack
534, cruxy
534, pocketed
534, steep
534, slabby
534, corner
534, pumpy
534, classic
534, slopers
534, stem
535, pocketed
535, crimpy
536, cruxy
537, cruxy
537, face
537, steep
537, slabby
537, juggy
538, face
538, tricky
539, cruxy
540, cruxy
540, face
540, slabby
540, classic
541, roof
541, slabby
541, flake
541, vertical
541, balancy
542, face
542, steep
543, face
543, steep
543, bouldery
543, classic
544, crack
544, dihedral
545, face
545, vertical
546, crack
547, roof
547, pocketed
547, steep
547, bouldery
547, slabby
547, thin
547, flake
548, face
548, tricky
549, cruxy
549, juggy
550, cruxy
550, face
550, pocketed
550, crimpy
550, technical
550, vertical
550, tricky
550, sequential
551, bouldery
551, arete
551, dihedral
551, crimpy
551, huecos
551, technical
551, pumpy
551, pinches
552, roof
552, slabby
552, arete
553, slabby
553, vertical
554, crack
554, roof
554, pocketed
554, bouldery
554, corner
554, stem
555, cruxy
555, technical
555, tricky
555, powerful
556, pocketed
556, juggy
557, slabby
557, vertical
558, crack
558, face
558, slabby
558, dihedral
558, corner
559, cruxy
559, bouldery
559, pumpy
560, cruxy
560, pocketed
561, cruxy
561, pocketed
561, bouldery
561, pumpy
561, sustained
562, slabby
564, cruxy
565, cruxy
565, roof
566, cruxy
566, technical
567, cruxy
567, huecos
568, pocketed
568, ledges
569, crack
569, face
569, thin
569, corner
570, crack
572, juggy
572, flake
573, arete
574, face
574, pocketed
574, tricky
575, juggy
576, dihedral
577, crack
577, slabby
577, balancy
578, slabby
578, thin
578, technical
579, crack
579, face
579, roof
580, slabby
580, technical
581, arete
582, face
582, slabby
582, huecos
582, technical
583, cruxy
583, pocketed
583, bouldery
583, flake
583, undercling
584, pocketed
584, pumpy
584, pinches
585, cruxy
586, face
586, steep
586, bouldery
586, thin
586, technical
586, classic
586, balancy
587, crack
587, cruxy
587, slabby
587, juggy
587, crimpy
588, juggy
588, tricky
589, cruxy
589, face
589, slabby
589, corner
589, vertical
589, chimney
589, slopers
589, sequential
589, stem
590, pocketed
590, juggy
591, crack
591, face
591, steep
591, sustained
592, cruxy
592, pumpy
592, sequential
594, cruxy
594, bouldery
594, pumpy
595, cruxy
595, juggy
595, classic
596, huecos
596, sustained
597, cruxy
597, bouldery
597, huecos
599, cruxy
599, bouldery
599, huecos
599, pumpy
599, sustained
600, bouldery
600, vertical
601, cruxy
601, bouldery
602, cruxy
602, thin
602, chimney
603, cruxy
603, face
603, steep
603, bouldery
603, vertical
604, cruxy
604, vertical
604, sustained
605, cruxy
609, bouldery
610, cruxy
610, pocketed
610, crimpy
610, thin
610, technical
611, crack
611, pocketed
611, steep
611, bouldery
611, dihedral
611, thin
611, corner
611, pumpy
611, stem
612, cruxy
612, pocketed
613, cruxy
613, roof
613, bouldery
613, pumpy
613, powerful
614, face
614, pocketed
614, bouldery
614, crimpy
614, vertical
615, pocketed
615, thin
615, technical
615, classic
616, technical
618, steep
620, crack
620, steep
620, technical
620, pumpy
620, stem
621, cruxy
621, face
621, pocketed
621, steep
621, bouldery
621, juggy
621, thin
621, classic
621, slopers
621, sequential
622, roof
622, pocketed
623, cruxy
623, juggy
623, crimpy
623, pinches
624, cruxy
624, roof
624, pocketed
624, steep
624, bouldery
624, flake
624, huecos
624, tricky
625, roof
625, bouldery
626, crack
626, steep
626, vertical
626, stem
627, face
627, bouldery
628, pocketed
628, steep
628, crimpy
628, pumpy
628, slopers
629, face
629, juggy
630, roof
630, pocketed
630, juggy
630, balancy
631, roof
631, pocketed
632, face
632, roof
632, bouldery
632, arete
633, crack
633, steep
633, chimney
634, roof
634, dihedral
635, roof
636, crack
636, cruxy
636, corner
637, cruxy
637, bouldery
638, crack
638, dihedral
639, cruxy
639, pumpy
639, sequential
640, roof
640, pocketed
640, arete
641, crack
641, cruxy
641, face
641, corner
641, chimney
641, off-width
642, flake
643, arete
643, thin
643, pumpy
644, crack
645, crack
645, flake
646, crack
646, face
646, thin
647, face
647, sustained
648, crack
649, crack
649, face
649, arete
649, thin
649, off-width
650, crack
650, steep
651, crack
651, corner
654, cruxy
654, slabby
654, dihedral
654, layback
654, stem
655, crack
655, vertical
656, dihedral
656, flake
656, off-width
656, stem
657, crack
657, roof
657, bouldery
657, vertical
658, cruxy
658, face
658, bouldery
658, dihedral
658, thin
658, stem
659, crack
659, face
659, dihedral
659, thin
659, flake
660, off-width
661, crack
661, face
661, bouldery
661, flake
661, tricky
662, crack
662, bouldery
663, crack
663, off-width
664, crack
664, dihedral
664, chimney
664, off-width
665, crack
666, crack
666, dihedral
666, corner
666, flake
667, bouldery
667, arete
667, corner
668, undercling
669, cruxy
669, flake
670, bouldery
671, face
671, bouldery
671, arete
672, face
672, arete
707, face
707, bouldery
707, sequential
708, juggy
709, cruxy
709, face
709, pocketed
710, face
710, roof
710, juggy
711, crack
711, cruxy
711, face
711, roof
711, juggy
712, crack
713, cruxy
713, face
713, roof
713, vertical
714, crimpy
715, chimney
715, off-width
715, stem
716, technical
717, cruxy
717, face
717, bouldery
717, dihedral
719, pocketed
719, steep
719, juggy
719, technical
719, pumpy
719, classic
720, crack
720, roof
721, pumpy
721, tricky
721, classic
722, arete
722, balancy
723, crack
723, flake
724, crack
724, chimney
724, layback
725, face
725, slabby
727, crack
727, cruxy
727, slabby
728, crack
728, roof
728, dihedral
729, steep
729, arete
730, face
731, cruxy
731, face
731, arete
732, cruxy
732, face
732, roof
732, pocketed
732, sustained
733, crack
733, bouldery
734, steep
734, technical
734, balancy
736, steep
736, powerful
737, chimney
738, roof
739, cruxy
739, pumpy
739, ledges
740, face
740, roof
741, cruxy
741, roof
741, arete
742, bouldery
743, roof
743, pumpy
744, face
744, crimpy
745, roof
746, steep
746, bouldery
747, bouldery
748, dihedral
748, crimpy
748, thin
748, stem
749, cruxy
749, roof
749, arete
749, pumpy
751, slabby
753, bouldery
754, steep
754, bouldery
754, arete
754, powerful
755, face
755, dihedral
755, technical
756, pocketed
756, vertical
757, crimpy
757, thin
757, slopers
758, face
758, pocketed
758, dihedral
759, crack
759, cruxy
759, roof
759, steep
759, bouldery
759, slabby
759, ledges
760, crack
760, pumpy
760, layback
761, pocketed
761, steep
761, juggy
761, vertical
762, crack
762, thin
763, pocketed
763, steep
763, juggy
763, vertical
764, dihedral
764, chimney
764, stem
765, crack
765, slabby
765, flake
766, pocketed
766, technical
766, vertical
767, crack
767, roof
767, slabby
767, juggy
767, tricky
767, stem
768, crack
768, bouldery
768, powerful
769, bouldery
769, tricky
769, sequential
769, undercling
769, powerful
770, cruxy
770, face
770, huecos
771, cruxy
771, roof
772, juggy
772, huecos
773, bouldery
773, crimpy
773, slopers
773, balancy
774, roof
774, steep
774, juggy
775, face
775, roof
775, steep
775, arete
775, thin
776, cruxy
776, face
776, pocketed
776, huecos
777, cruxy
777, roof
778, cruxy
778, thin
779, bouldery
780, cruxy
780, thin
781, face
781, roof
781, bouldery
781, juggy
781, arete
781, pumpy
781, sequential
782, roof
782, steep
782, bouldery
782, balancy
783, roof
783, bouldery
784, thin
786, cruxy
786, technical
787, thin
788, slabby
788, tricky
789, face
789, slabby
790, cruxy
790, steep
790, huecos
790, pumpy
791, cruxy
791, face
791, roof
791, arete
791, crimpy
791, thin
791, pumpy
792, cruxy
792, steep
792, juggy
792, flake
793, bouldery
793, dihedral
793, thin
793, technical
794, face
794, thin
795, crack
796, bouldery
796, flake
796, pumpy
796, sequential
797, crack
797, corner
798, crack
798, cruxy
798, steep
798, arete
798, corner
799, pocketed
799, steep
799, crimpy
799, sustained
799, powerful
800, bouldery
800, arete
800, classic
801, face
801, roof
801, pocketed
801, steep
801, thin
801, huecos
802, cruxy
802, face
802, pocketed
802, bouldery
802, pumpy
803, cruxy
803, roof
803, pocketed
803, steep
803, juggy
803, flake
803, pumpy
803, classic
804, pocketed
804, steep
804, crimpy
804, thin
804, undercling
805, cruxy
805, face
805, pocketed
805, bouldery
805, crimpy
805, pumpy
805, tricky
805, powerful
806, slabby
807, slabby
808, slabby
809, arete
809, vertical
810, slabby
810, juggy
811, cruxy
811, face
812, cruxy
812, face
813, slabby
814, crack
814, bouldery
815, juggy
816, sequential
818, bouldery
819, chimney
821, pocketed
821, pumpy
821, pinches
821, undercling
822, cruxy
823, bouldery
823, thin
824, cruxy
824, arete
824, thin
825, face
826, cruxy
827, flake
827, chimney
827, pumpy
828, crack
828, face
828, dihedral
828, thin
828, corner
829, cruxy
829, slabby
830, cruxy
830, chimney
831, cruxy
831, balancy
832, dihedral
833, cruxy
833, thin
834, pocketed
834, bouldery
834, arete
834, thin
834, pumpy
834, slopers
834, pinches
834, powerful
835, roof
835, pocketed
835, dihedral
835, pumpy
835, classic
836, cruxy
836, pumpy
836, slopers
837, crack
837, juggy
837, dihedral
837, pumpy
838, cruxy
838, roof
838, juggy
838, pumpy
838, tricky
839, face
839, bouldery
839, crimpy
840, face
840, slabby
840, dihedral
840, crimpy
840, corner
841, cruxy
841, face
841, bouldery
841, juggy
841, sequential
841, undercling
841, powerful
842, cruxy
842, bouldery
842, crimpy
842, thin
842, flake
842, pumpy
843, pocketed
843, steep
843, juggy
843, flake
843, vertical
844, cruxy
844, roof
844, pocketed
844, steep
844, slabby
844, vertical
844, pumpy
844, tricky
844, sustained
845, face
845, crimpy
846, face
846, pocketed
847, crack
847, pocketed
847, slabby
847, slopers
848, slabby
848, juggy
849, pocketed
850, tricky
851, crack
851, dihedral
851, thin
851, ledges
852, roof
853, slabby
854, pocketed
854, technical
854, pumpy
854, tricky
856, roof
856, dihedral
856, stem
857, crack
857, cruxy
858, roof
858, slabby
859, cruxy
860, cruxy
861, slabby
861, arete
862, cruxy
862, bouldery
863, flake
864, face
865, cruxy
865, pocketed
865, steep
865, crimpy
865, technical
865, slopers
866, slabby
867, cruxy
867, juggy
868, pocketed
868, slabby
868, pinches
869, cruxy
869, juggy
869, thin
869, sustained
870, chimney
871, face
871, pumpy
871, classic
872, roof
872, slabby
872, arete
873, slabby
873, juggy
873, technical
874, bouldery
874, crimpy
874, thin
874, huecos
874, technical
874, pumpy
874, tricky
874, undercling
875, cruxy
875, juggy
875, crimpy
875, pumpy
876, cruxy
876, bouldery
876, slabby
876, juggy
876, crimpy
877, cruxy
878, crack
878, face
878, roof
878, arete
878, chimney
878, off-width
879, thin
880, cruxy
880, thin
880, balancy
881, thin
882, cruxy
882, huecos
882, tricky
883, flake
884, crack
884, cruxy
885, arete
885, tricky
885, balancy
886, face
886, pocketed
887, face
887, slabby
887, thin
887, ledges
888, chimney
889, face
889, roof
889, pocketed
889, crimpy
889, chimney
890, face
890, roof
890, juggy
891, crack
891, chimney
894, crack
894, cruxy
894, roof
894, crimpy
894, thin
894, slopers
895, crack
895, roof
895, juggy
895, balancy
896, roof
896, arete
897, cruxy
897, face
897, roof
897, steep
897, slabby
897, arete
898, tricky
899, crack
899, vertical
900, steep
900, slabby
900, thin
900, technical
901, crack
901, stem
902, face
902, pocketed
902, pumpy
902, tricky
907, crack
908, crimpy
909, cruxy
909, roof
909, juggy
910, thin
910, balancy
912, thin
913, face
913, roof
914, face
914, juggy
915, arete
915, sequential
916, cruxy
916, roof
917, crack
917, cruxy
917, roof
917, juggy
918, cruxy
918, roof
918, crimpy
918, technical
918, slopers
918, sustained
919, slabby
919, juggy
920, cruxy
920, juggy
920, thin
920, tricky
921, crack
921, cruxy
921, face
921, roof
921, dihedral
921, flake
922, cruxy
922, steep
922, juggy
922, technical
923, tricky
924, thin
927, crack
927, dihedral
927, corner
928, face
928, steep
928, bouldery
929, cruxy
929, roof
929, juggy
929, thin
929, technical
929, slopers
930, face
930, pocketed
930, steep
931, face
931, slabby
932, face
932, slabby
933, face
934, pocketed
934, arete
935, roof
935, tricky
938, face
940, bouldery
940, thin
940, balancy
941, dihedral
942, face
942, roof
943, crack
943, cruxy
943, steep
943, bouldery
943, juggy
943, dihedral
943, pumpy
944, pocketed
945, crack
945, cruxy
945, steep
945, technical
946, bouldery
949, cruxy
950, crack
950, steep
950, slabby
950, thin
951, crack
952, cruxy
952, roof
952, dihedral
953, bouldery
953, arete
954, crack
955, flake
956, crack
956, thin
957, crack
957, thin
957, corner
957, layback
958, roof
958, bouldery
958, flake
959, roof
960, cruxy
960, pocketed
961, crack
961, stem
962, crack
962, stem
964, steep
964, slabby
964, balancy
965, pocketed
965, undercling
966, bouldery
967, roof
967, steep
967, slabby
967, vertical
968, roof
968, bouldery
969, juggy
970, roof
970, slabby
971, crack
971, roof
971, dihedral
972, slabby
972, corner
973, face
973, juggy
973, thin
974, cruxy
974, steep
974, slabby
974, undercling
974, powerful
975, face
975, bouldery
976, cruxy
976, pocketed
980, face
980, thin
981, juggy
981, vertical
981, slopers
982, pocketed
982, steep
982, juggy
982, arete
982, pumpy
982, ledges
983, face
983, bouldery
983, dihedral
984, crack
985, cruxy
985, face
985, roof
985, steep
985, bouldery
985, slopers
986, cruxy
987, face
987, undercling
988, cruxy
988, roof
988, steep
988, bouldery
988, pumpy
989, bouldery
990, arete
991, roof
991, steep
993, cruxy
993, thin
995, flake
996, thin
997, face
997, arete
998, crack
998, cruxy
998, steep
998, bouldery
998, juggy
998, dihedral
998, pumpy
999, crack
999, cruxy
999, face
999, pocketed
999, steep
999, bouldery
999, juggy
999, thin
1000, cruxy
1001, arete
1001, corner
1001, chimney
1002, bouldery
1003, flake
1005, cruxy
1005, roof
1005, pocketed
1005, steep
1005, bouldery
1005, crimpy
1005, pumpy
1006, face
1006, juggy
1006, technical
1006, slopers
1006, balancy
1007, cruxy
1008, crack
1008, face
1008, steep
1008, flake
1009, juggy
1009, thin
1010, cruxy
1010, pocketed
1010, steep
1010, pumpy
1011, crack
1014, steep
1014, pumpy
1014, classic
1015, flake
1015, classic
1016, cruxy
1016, steep
1018, undercling
1019, slopers
1020, thin
1021, bouldery
1023, cruxy
1023, juggy
1023, thin
1024, crack
1024, face
1025, slabby
1025, thin
1026, cruxy
1026, huecos
1026, pumpy
1026, tricky
1027, dihedral
1027, corner
1028, roof
1030, thin
1030, huecos
1031, dihedral
1031, chimney
1032, steep
1033, classic
1035, balancy
1037, cruxy
1038, crack
1038, slabby
1038, crimpy
1040, crack
1040, slabby
1040, thin
1041, pocketed
1042, crack
1042, dihedral
1042, thin
1042, tricky
1043, crack
1043, cruxy
1043, dihedral
1044, crack
1044, dihedral
1045, crack
1045, face
1045, thin
1046, face
1046, corner
1047, crack
1047, face
1047, steep
1047, bouldery
1047, arete
1069, cruxy
1069, pocketed
1069, juggy
1070, cruxy
1070, face
1070, crimpy
1070, vertical
1071, face
1071, steep
1071, vertical
1072, cruxy
1072, face
1072, slabby
1073, steep
1073, bouldery
1073, juggy
1073, corner
1074, cruxy
1074, face
1074, roof
1075, roof
1075, crimpy
1075, vertical
1076, steep
1076, juggy
1076, sustained
1077, steep
1077, bouldery
1078, face
1078, classic
1078, sustained
1079, flake
1079, huecos
1080, crack
1080, face
1080, arete
1081, face
1081, slabby
1081, huecos
1082, face
1082, steep
1082, slabby
1082, juggy
1083, crack
1083, roof
1083, juggy
1083, dihedral
1083, undercling
1084, crack
1084, face
1084, roof
1084, slabby
1084, chimney
1085, cruxy
1086, steep
1087, crack
1087, dihedral
1087, stem
1088, crack
1088, slabby
1089, slabby
1090, crack
1090, face
1091, bouldery
1091, huecos
1092, arete
1092, technical
1092, balancy
1093, crack
1093, layback
1094, face
1094, roof
1094, bouldery
1094, slabby
1094, juggy
1094, crimpy
1094, slopers
1094, undercling
1095, slabby
1096, slabby
1096, technical
1096, vertical
1097, cruxy
1097, slabby
1097, thin
1098, face
1098, slabby
1098, vertical
1099, slabby
1099, technical
1100, technical
1100, tricky
1100, classic
1101, technical
1101, tricky
1102, crack
1102, cruxy
1102, face
1102, slabby
1103, face
1103, bouldery
1103, crimpy
1103, technical
1103, sustained
1104, crack
1104, cruxy
1105, slabby
1106, bouldery
1107, bouldery
1108, roof
1108, juggy
1109, face
1109, roof
1109, pocketed
1109, juggy
1109, pumpy
1109, pinches
1110, face
1110, roof
1111, crack
1111, juggy
1111, pumpy
1112, crack
1112, face
1112, bouldery
1113, vertical
1113, slopers
1114, face
1114, bouldery
1115, bouldery
1115, juggy
1115, pumpy
1116, cruxy
1116, slabby
1116, juggy
1116, tricky
1116, sustained
1117, face
1117, pocketed
1117, sustained
1118, bouldery
1118, juggy
1118, arete
1120, cruxy
1120, roof
1120, steep
1121, cruxy
1121, dihedral
1121, pumpy
1121, stem
1122, dihedral
1122, crimpy
1123, dihedral
1123, stem
1124, roof
1126, face
1126, flake
1126, technical
1126, sustained
1127, face
1127, ledges
1127, sustained
1128, face
1129, cruxy
1129, face
1129, bouldery
1129, juggy
1129, arete
1129, crimpy
1129, pumpy
1130, steep
1130, bouldery
1130, pumpy
1131, slabby
1131, classic
1132, thin
1133, steep
1133, bouldery
1133, powerful
1134, vertical
1134, pumpy
1135, cruxy
1135, bouldery
1136, juggy
1137, cruxy
1137, face
1137, slabby
1139, slabby
1139, tricky
1140, crack
1140, chimney
1141, face
1141, pumpy
1142, cruxy
1142, slabby
1142, huecos
1143, slabby
1144, roof
1144, bouldery
1144, slabby
1145, slabby
1145, huecos
1145, technical
1145, tricky
1145, sequential
1146, slabby
1147, roof
1147, pocketed
1147, steep
1148, face
1148, chimney
1149, crack
1150, slabby
1150, huecos
1151, roof
1153, face
1154, cruxy
1154, face
1154, pocketed
1154, slabby
1154, crimpy
1154, flake
1154, huecos
1155, cruxy
1155, huecos
1155, sequential
1156, pocketed
1156, huecos
1157, pocketed
1157, bouldery
1157, stem
1158, cruxy
1158, face
1158, pocketed
1158, juggy
1158, dihedral
1158, crimpy
1159, arete
1159, huecos
1160, juggy
1161, cruxy
1161, thin
1162, bouldery
1162, undercling
1163, crack
1163, cruxy
1164, crack
1164, sustained
1165, crack
1165, cruxy
1165, face
1165, steep
1165, slabby
1166, cruxy
1167, cruxy
1167, face
1167, bouldery
1167, vertical
1168, juggy
1168, thin
1168, undercling
1169, steep
1170, crimpy
1170, huecos
1170, balancy
1171, cruxy
1171, pocketed
1172, cruxy
1172, slabby
1173, face
1173, crimpy
1173, thin
1173, huecos
1173, vertical
1173, undercling
1173, stem
1174, crimpy
1175, cruxy
1175, juggy
1175, arete
1176, huecos
1177, cruxy
1177, bouldery
1177, tricky
1177, classic
1178, roof
1178, dihedral
1178, thin
1178, huecos
1178, undercling
1179, cruxy
1179, roof
1179, steep
1179, bouldery
1179, juggy
1180, bouldery
1180, huecos
1180, vertical
1180, pumpy
1180, sustained
1181, cruxy
1181, face
1181, roof
1181, pocketed
1181, bouldery
1181, juggy
1181, huecos
1183, cruxy
1183, bouldery
1183, juggy
1184, crack
1184, slabby
1185, slabby
1185, thin
1186, slabby
1186, juggy
1186, crimpy
1187, flake
1187, huecos
1187, pumpy
1187, sequential
1188, steep
1188, dihedral
1189, cruxy
1189, face
1189, roof
1189, juggy
1189, crimpy
1189, slopers
1189, sequential
1190, pumpy
1191, pumpy
1192, crack
1192, dihedral
1192, huecos
1193, bouldery
1193, corner
1193, stem
1194, pocketed
1194, undercling
1196, steep
1196, bouldery
1196, arete
1196, pumpy
1197, flake
1198, roof
1198, juggy
1199, cruxy
1199, roof
1199, crimpy
1199, sequential
1199, undercling
1200, slabby
1201, bouldery
1201, pumpy
1202, arete
1203, cruxy
1203, slabby
1204, pocketed
1204, bouldery
1205, huecos
1206, slabby
1207, crack
1207, cruxy
1207, dihedral
1208, steep
1208, arete
1208, sequential
1208, undercling
1209, face
1209, juggy
1210, juggy
1212, pocketed
1212, steep
1212, bouldery
1212, juggy
1212, flake
1212, pinches
1213, crack
1213, corner
1214, vertical
1215, bouldery
1215, tricky
1216, bouldery
1216, huecos
1217, roof
1217, dihedral
1217, vertical
1218, juggy
1218, undercling
1219, bouldery
1219, slabby
1219, juggy
1219, ledges
1220, steep
1220, thin
1220, technical
1220, chimney
1220, ledges
1221, bouldery
1221, technical
1222, crack
1222, face
1222, pumpy
1223, cruxy
1223, thin
1223, technical
1223, vertical
1224, cruxy
1224, face
1224, roof
1224, pocketed
1224, thin
1225, crack
1225, cruxy
1225, juggy
1225, vertical
1226, face
1226, technical
1227, crimpy
1227, thin
1227, tricky
1227, sequential
1228, cruxy
1228, pocketed
1228, slopers
1228, powerful
1230, crack
1231, bouldery
1231, pinches
1232, thin
1233, cruxy
1233, roof
1233, juggy
1233, flake
1233, ledges
1234, face
1234, roof
1234, pocketed
1234, steep
1234, bouldery
1234, crimpy
1234, pumpy
1234, classic
1234, sequential
1235, cruxy
1235, pocketed
1235, bouldery
1235, thin
1235, pumpy
1235, tricky
1235, classic
1236, roof
1236, steep
1237, pocketed
1237, technical
1237, undercling
1238, cruxy
1238, roof
1238, bouldery
1238, crimpy
1238, slopers
1238, undercling
1239, face
1239, arete
1239, technical
1240, crimpy
1240, vertical
1241, pumpy
1242, pumpy
1243, crack
1243, cruxy
1243, pocketed
1243, pumpy
1243, undercling
1244, bouldery
1244, juggy
1244, pumpy
1245, crack
1245, face
1245, vertical
1245, sustained
1246, crimpy
1246, thin
1247, pocketed
1247, steep
1249, juggy
1249, thin
1249, flake
1249, pumpy
1250, steep
1250, thin
1252, pumpy
1254, cruxy
1254, roof
1254, pocketed
1254, steep
1254, bouldery
1254, crimpy
1254, pumpy
1255, pocketed
1256, cruxy
1256, roof
1256, pocketed
1256, balancy
1257, face
1257, pocketed
1257, pumpy
1258, bouldery
1258, tricky
1258, classic
1258, sustained
1259, huecos
1259, pumpy
1260, thin
1260, technical
1261, pocketed
1261, steep
1261, crimpy
1262, cruxy
1262, face
1262, juggy
1262, arete
1263, crack
1263, dihedral
1263, layback
1264, cruxy
1264, face
1264, juggy
1265, pumpy
1267, steep
1268, bouldery
1269, steep
1269, juggy
1269, vertical
1270, bouldery
1270, juggy
1271, crack
1271, bouldery
1271, slabby
1271, dihedral
1272, cruxy
1272, pocketed
1273, steep
1274, cruxy
1274, steep
1274, bouldery
1274, slabby
1275, crack
1275, face
1275, dihedral
1275, thin
1276, bouldery
1276, vertical
1277, steep
1277, juggy
1278, sustained
1279, off-width
1280, cruxy
1280, face
1280, bouldery
1281, face
1282, face
1282, pocketed
1282, huecos
1283, crack
1283, steep
1283, bouldery
1283, juggy
1284, face
1284, pumpy
1285, face
1285, steep
1285, slabby
1285, crimpy
1286, face
1286, pocketed
1286, steep
1286, bouldery
1286, powerful
1287, cruxy
1287, slabby
1287, arete
1287, vertical
1287, tricky
1288, juggy
1289, face
1290, roof
1290, powerful
1291, face
1291, pocketed
1291, steep
1291, crimpy
1291, sustained
1292, crack
1292, face
1292, roof
1292, chimney
1293, steep
1293, undercling
1293, powerful
1294, steep
1295, face
1295, steep
1295, arete
1295, thin
1295, flake
1295, technical
1295, stem
1296, face
1296, bouldery
1296, slabby
1296, crimpy
1296, thin
1296, corner
1296, tricky
1296, sequential
1296, stem
1297, cruxy
1297, face
1297, roof
1297, huecos
1298, cruxy
1298, arete
1298, dihedral
1298, technical
1299, face
1299, roof
1299, pocketed
1299, arete
1300, crack
1300, corner
1301, cruxy
1301, dihedral
1301, corner
1302, corner
1303, crack
1303, roof
1303, bouldery
1303, tricky
1303, slopers
1304, cruxy
1304, arete
1304, stem
1304, powerful
1305, crack
1305, stem
1306, pocketed
1306, steep
1307, steep
1308, cruxy
1308, pocketed
1308, technical
1308, pumpy
1309, crack
1309, thin
1309, corner
1310, pinches
1311, crack
1311, cruxy
1311, pocketed
1311, pumpy
1311, undercling
1313, steep
1313, thin
1314, face
1314, roof
1314, thin
1314, corner
1314, stem
1315, dihedral
1315, pumpy
1316, face
1318, pocketed
1318, steep
1319, cruxy
1319, pocketed
1319, steep
1319, pumpy
1320, cruxy
1320, roof
1320, steep
1320, juggy
1320, dihedral
1320, pumpy
1320, tricky
1320, slopers
1321, bouldery
1321, crimpy
1321, sustained
1322, cruxy
1322, pocketed
1322, juggy
1322, arete
1322, thin
1322, technical
1322, classic
1322, sequential
1324, roof
1324, slabby
1325, steep
1325, pinches
1325, powerful
1326, bouldery
1327, cruxy
1327, pocketed
1327, slabby
1327, undercling
1328, steep
1328, pumpy
1328, slopers
1329, face
1329, thin
1329, chimney
1330, crack
1331, cruxy
1331, pumpy
1332, cruxy
1332, bouldery
1332, slabby
1332, juggy
1332, arete
1332, dihedral
1332, thin
1332, technical
1332, vertical
1332, classic
1332, sustained
1332, balancy
1333, crack
1333, thin
1333, corner
1333, chimney
1334, cruxy
1334, pocketed
1334, steep
1334, arete
1334, pumpy
1335, face
1335, pocketed
1335, classic
1335, undercling
1336, cruxy
1336, roof
1336, slabby
1336, dihedral
1336, chimney
1337, crack
1337, cruxy
1337, roof
1338, dihedral
1338, stem
1339, crack
1340, crack
1340, cruxy
1340, corner
1340, sustained
1340, layback
1341, crack
1341, cruxy
1341, corner
1341, layback
1342, crack
1342, cruxy
1342, roof
1342, steep
1342, thin
1342, corner
1342, pumpy
1342, stem
1343, crack
1343, slopers
1345, crack
1345, face
1345, tricky
1345, stem
1346, crack
1346, roof
1346, dihedral
1346, flake
1347, face
1347, bouldery
1348, crack
1348, face
1348, bouldery
1348, slabby
1348, arete
1349, dihedral
1349, thin
1349, flake
1350, crack
1350, cruxy
1350, dihedral
1351, crack
1351, face
1351, dihedral
1352, face
1352, pocketed
1352, bouldery
1353, crack
1353, vertical
1354, crack
1354, roof
1354, dihedral
1354, chimney
1355, crack
1355, chimney
1355, off-width
1356, face
1356, roof
1356, dihedral
1356, chimney
1358, steep
1358, dihedral
1358, corner
1358, flake
1358, stem
1359, crack
1359, roof
1359, dihedral
1360, bouldery
1360, thin
1361, bouldery
1361, chimney
1362, crack
1363, bouldery
1364, bouldery
1365, crack
1365, dihedral
1367, corner
1367, classic
1367, stem
1368, stem
1369, crack
1369, steep
1370, roof
1370, dihedral
1371, face
1371, dihedral
1371, stem
1372, crack
1372, off-width
1373, cruxy
1373, steep
1373, sequential
1374, cruxy
1374, thin
1374, tricky
1375, cruxy
1375, corner
1375, flake
1376, crack
1376, pocketed
1376, bouldery
1376, corner
1376, stem
1377, roof
1377, juggy
1378, crack
1378, face
1378, bouldery
1378, slabby
1379, crack
1379, cruxy
1379, face
1379, roof
1379, chimney
1380, face
1380, arete
1381, crack
1381, face
1381, dihedral
1381, thin
1381, stem
1382, corner
1383, thin
1383, balancy
1384, crimpy
1384, sustained
1385, cruxy
1385, face
1385, steep
1385, thin
1386, bouldery
1386, powerful
1387, cruxy
1387, technical
1388, balancy
1389, chimney
1390, crack
1390, face
1390, corner
1390, pumpy
1391, crack
1392, cruxy
1392, roof
1392, corner
1393, cruxy
1393, steep
1393, bouldery
1393, thin
1393, balancy
1394, bouldery
1394, slabby
1394, thin
1394, slopers
1395, cruxy
1395, roof
1395, corner
1395, pumpy
1395, powerful
1396, crack
1396, corner
1396, classic
1396, stem
1397, face
1398, crack
1398, cruxy
1398, roof
1398, thin
1398, flake
1398, off-width
1398, stem
1399, cruxy
1399, bouldery
1399, arete
1399, tricky
1400, pocketed
1401, crack
1401, cruxy
1401, flake
1402, cruxy
1402, balancy
1403, crack
1403, ledges
1403, off-width
1404, cruxy
1404, face
1405, crack
1405, cruxy
1405, thin
1406, crack
1406, roof
1406, arete
1406, dihedral
1406, classic
1406, stem
1407, cruxy
1407, face
1407, steep
1407, bouldery
1409, cruxy
1409, pocketed
1409, steep
1410, cruxy
1410, pocketed
1410, steep
1410, corner
1411, cruxy
1411, bouldery
1411, juggy
1411, crimpy
1411, pumpy
1411, sequential
1412, crack
1413, cruxy
1413, bouldery
1414, pocketed
1414, crimpy
1414, thin
1416, pocketed
1416, bouldery
1416, crimpy
1416, slopers
1417, bouldery
1417, thin
1418, cruxy
1418, pumpy
1419, arete
1422, cruxy
1422, pocketed
1422, slopers
1423, cruxy
1423, arete
1423, classic
1423, sequential
1423, balancy
1424, cruxy
1424, pocketed
1424, bouldery
1424, classic
1425, pumpy
1426, cruxy
1426, face
1426, pocketed
1426, technical
1427, cruxy
1427, bouldery
1427, arete
1428, crack
1428, bouldery
1428, crimpy
1428, chimney
1430, crack
1430, bouldery
1431, crack
1431, bouldery
1431, thin
1432, crack
1432, roof
1432, juggy
1432, arete
1433, crack
1433, layback
1434, crack
1434, off-width
1435, crack
1435, dihedral
1436, crack
1436, face
1436, flake
1437, crack
1438, crack
1438, face
1438, roof
1438, corner
1438, chimney
1439, crack
1439, roof
1440, crack
1440, roof
1440, bouldery
1441, bouldery
1441, corner
1441, flake
1441, stem
1442, crack
1442, face
1443, crack
1443, face
1443, chimney
1444, dihedral
1445, crack
1445, flake
1445, classic
1445, balancy
1446, dihedral
1446, thin
1446, vertical
1447, crack
1448, crack
1448, face
1448, flake
1450, crack
1450, face
1450, bouldery
1450, thin
1450, layback
1452, face
1452, thin
1453, crack
1453, thin
1455, crack
1455, roof
1455, thin
1455, chimney
1455, off-width
1456, crack
1456, face
1456, roof
1456, corner
1457, roof
1457, chimney
1458, crack
1458, roof
1458, off-width
1459, crack
1459, roof
1459, slabby
1460, crack
1460, stem
1461, crack
1461, corner
1462, crack
1462, roof
1462, chimney
1462, ledges
1462, stem
1463, crack
1463, face
1463, stem
1464, face
1464, bouldery
1464, thin
1464, stem
1465, crack
1465, face
1465, thin
1465, stem
1466, crack
1466, face
1467, crack
1467, off-width
1468, face
1468, dihedral
1469, face
1470, bouldery
1472, roof
1472, slopers
1473, chimney
1474, face
1474, slabby
1474, tricky
1474, ledges
1475, face
1475, slabby
1475, corner
1475, technical
1476, crack
1476, huecos
1477, face
1478, crack
1478, face
1479, crack
1479, steep
1479, dihedral
1479, chimney
1479, tricky
1480, crack
1480, face
1480, dihedral
1480, thin
1480, chimney
1480, classic
1480, layback
1481, crack
1481, dihedral
1481, chimney
1481, off-width
1482, crack
1482, face
1482, slabby
1482, flake
1483, cruxy
1483, face
1483, pocketed
1483, dihedral
1483, technical
1483, balancy
1484, crack
1484, dihedral
1485, cruxy
1485, slabby
1485, thin
1486, thin
1487, crack
1487, corner
1487, sustained
1487, stem
1488, crimpy
1488, pumpy
1488, tricky
1488, sequential
1489, cruxy
1489, face
1489, slabby
1489, vertical
1489, balancy
1490, steep
1490, corner
1490, chimney
1490, stem
1491, roof
1491, steep
1491, slabby
1492, steep
1492, pumpy
1493, thin
1494, cruxy
1494, face
1494, pocketed
1495, crack
1495, face
1495, thin
1495, flake
1496, thin
1496, corner
1496, flake
1497, crack
1497, slabby
1497, huecos
1498, crack
1498, corner
1499, steep
1499, crimpy
1499, huecos
1499, vertical
1499, sustained
1500, cruxy
1500, face
1500, thin
1500, huecos
1500, undercling
1501, crack
1501, slabby
1502, pocketed
1502, crimpy
1502, sequential
1503, face
1503, bouldery
1504, balancy
1505, cruxy
1507, vertical
1508, face
1508, pocketed
1509, cruxy
1509, roof
1509, steep
1509, pumpy
1509, tricky
1509, undercling
1510, cruxy
1510, pocketed
1511, roof
1511, pocketed
1511, slabby
1511, flake
1512, arete
1512, crimpy
1512, pinches
1513, face
1513, steep
1514, crack
1514, dihedral
1514, stem
1515, crack
1515, cruxy
1515, roof
1515, pocketed
1515, bouldery
1515, crimpy
1516, crack
1516, face
1516, roof
1516, slabby
1517, cruxy
1517, juggy
1517, pumpy
1518, bouldery
1518, pumpy
1518, sequential
1519, crack
1520, face
1520, steep
1520, bouldery
1521, crack
1521, cruxy
1521, pocketed
1521, thin
1522, cruxy
1522, steep
1522, bouldery
1522, tricky
1523, crack
1524, pocketed
1525, face
1525, roof
1525, bouldery
1525, arete
1526, juggy
1526, slopers
1528, slopers
1528, powerful
1529, cruxy
1529, face
1529, slabby
1529, balancy
1530, crack
1530, cruxy
1530, dihedral
1530, layback
1531, face
1532, vertical
1532, ledges
1533, cruxy
1533, roof
1533, slabby
1533, technical
1533, slopers
1534, vertical
1535, dihedral
1535, layback
1535, stem
1536, dihedral
1536, classic
1537, crack
1537, flake
1537, stem
1538, face
1538, bouldery
1538, arete
1538, tricky
1538, balancy
1539, thin
1540, cruxy
1540, pocketed
1540, technical
1541, crack
1541, roof
1541, bouldery
1541, flake
1542, pocketed
1542, dihedral
1542, vertical
1542, pumpy
1543, crack
1543, cruxy
1544, crack
1545, face
1545, slabby
1545, juggy
1545, arete
1545, corner
1545, pumpy
1546, cruxy
1546, pocketed
1546, bouldery
1546, thin
1546, corner
1546, vertical
1546, pumpy
1546, classic
1546, slopers
1547, cruxy
1547, bouldery
1547, slabby
1548, cruxy
1548, pocketed
1548, crimpy
1548, sustained
1549, cruxy
1549, face
1549, steep
1549, technical
1549, pumpy
1550, crack
1550, thin
1551, pocketed
1551, crimpy
1551, classic
1552, cruxy
1552, bouldery
1552, dihedral
1552, stem
1553, face
1553, pocketed
1553, vertical
1553, pumpy
1553, classic
1554, crack
1554, cruxy
1554, steep
1554, thin
1554, corner
1554, layback
1554, stem
1555, pocketed
1555, pumpy
1555, classic
1557, cruxy
1557, slabby
1558, cruxy
1558, face
1558, pocketed
1558, bouldery
1558, slabby
1558, juggy
1558, thin
1558, technical
1558, tricky
1559, face
1559, roof
1559, arete
1560, cruxy
1560, pocketed
1560, slabby
1561, crack
1561, flake
1562, cruxy
1562, roof
1562, pocketed
1562, dihedral
1562, technical
1562, vertical
1562, pumpy
1562, sequential
1563, crack
1563, cruxy
1563, steep
1563, dihedral
1563, thin
1564, crack
1564, face
1565, cruxy
1565, thin
1565, ledges
1566, crack
1566, corner
1566, pumpy
1566, sustained
1568, pocketed
1568, arete
1568, slopers
1569, cruxy
1570, pocketed
1570, slabby
1571, pocketed
1571, bouldery
1571, huecos
1572, arete
1573, face
1573, bouldery
1573, slabby
1573, arete
1573, chimney
1574, crack
1574, cruxy
1574, stem
1575, crack
1575, corner
1576, cruxy
1576, roof
1576, corner
1576, stem
1577, crack
1577, cruxy
1577, face
1577, steep
1577, arete
1577, flake
1578, face
1578, bouldery
1578, dihedral
1578, thin
1578, off-width
1579, crack
1579, cruxy
1579, roof
1579, corner
1579, flake
1579, stem
1580, crack
1580, dihedral
1581, crack
1581, steep
1581, corner
1581, layback
1582, crack
1582, cruxy
1582, thin
1583, off-width
1584, crack
1585, crack
1587, crack
1587, thin
1587, corner
1587, tricky
1587, ledges
1587, sequential
1587, stem
1588, roof
1588, dihedral
1590, crack
1590, cruxy
1590, steep
1590, dihedral
1590, stem
1591, crack
1591, cruxy
1591, dihedral
1591, thin
1593, crack
1593, cruxy
1594, crack
1594, roof
1594, steep
1595, crack
1595, cruxy
1595, face
1595, slabby
1595, dihedral
1596, classic
1597, face
1597, bouldery
1597, arete
1598, face
1598, bouldery
1598, arete
1599, face
1599, bouldery
1599, flake
1599, slopers
1600, bouldery
1600, arete
1601, face
1601, slabby
1601, corner
1601, slopers
1602, thin
1603, crack
1603, face
1603, dihedral
1603, vertical
1604, bouldery
1604, slabby
1604, thin
1604, corner
1604, slopers
1605, cruxy
1605, face
1605, bouldery
1606, face
1606, flake
1607, face
1607, bouldery
1607, crimpy
1608, face
1608, bouldery
1608, thin
1608, ledges
1609, face
1609, pocketed
1609, slabby
1609, thin
1610, face
1610, slabby
1610, arete
1610, vertical
1611, face
1612, face
1612, steep
1612, arete
1613, face
1613, thin
1614, cruxy
1615, pocketed
1615, bouldery
1615, tricky
1616, crack
1616, slabby
1616, thin
1617, face
1618, crack
1618, bouldery
1618, tricky
1619, face
1619, slopers
1620, crack
1620, dihedral
1620, stem
1621, crack
1621, bouldery
1621, thin
1622, bouldery
1622, thin
1622, corner
1622, undercling
1623, crack
1623, face
1623, dihedral
1623, flake
1623, ledges
1623, stem
1624, cruxy
1624, vertical
1624, balancy
1625, steep
1625, bouldery
1626, cruxy
1626, slabby
1626, classic
1627, steep
1627, thin
1627, vertical
1628, slabby
1628, juggy
1628, thin
1629, crack
1629, face
1629, flake
1629, vertical
1630, cruxy
1630, steep
1630, undercling
1630, layback
1631, roof
1631, thin
1632, crack
1632, classic
1634, crack
1634, thin
1634, technical
1634, classic
1635, cruxy
1635, steep
1635, bouldery
1635, pumpy
1636, cruxy
1636, pocketed
1636, steep
1636, slabby
1636, juggy
1636, thin
1636, technical
1636, pumpy
1636, sustained
1636, undercling
1637, crack
1637, cruxy
1637, bouldery
1637, thin
1637, corner
1637, balancy
1638, cruxy
1638, slabby
1638, juggy
1639, crack
1639, cruxy
1639, face
1639, dihedral
1640, face
1640, bouldery
1640, slabby
1640, classic
1641, cruxy
1641, face
1641, flake
1641, vertical
1641, tricky
1642, pocketed
1642, crimpy
1642, slopers
1643, cruxy
1643, bouldery
1643, corner
1643, stem
1644, face
1644, juggy
1645, crack
1645, face
1645, pocketed
1645, arete
1645, dihedral
1645, flake
1646, crack
1646, roof
1646, chimney
1646, undercling
1647, cruxy
1647, face
1647, pocketed
1647, steep
1647, arete
1647, tricky
1647, sequential
1648, face
1648, flake
1649, crack
1649, corner
1650, corner
1650, stem
1651, cruxy
1651, slabby
1651, technical
1652, crack
1652, cruxy
1652, pumpy
1653, crack
1653, dihedral
1654, crack
1654, bouldery
1654, slabby
1654, arete
1654, dihedral
1654, ledges
1655, corner
1655, off-width
1656, crack
1657, crack
1657, chimney
1657, off-width
1657, undercling
1657, layback
1658, crack
1658, cruxy
1658, face
1659, crack
1659, juggy
1659, arete
1660, flake
1661, crack
1661, dihedral
1661, stem
1662, crack
1662, face
1662, bouldery
1662, thin
1663, crack
1663, slabby
1663, flake
1664, cruxy
1664, face
1664, steep
1664, corner
1664, pumpy
1664, tricky
1665, crack
1666, crack
1666, cruxy
1667, face
1667, juggy
1667, tricky
1668, face
1668, flake
1669, steep
1669, dihedral
1669, layback
1670, crack
1671, crack
1671, layback
1671, stem
1672, crack
1672, cruxy
1672, roof
1672, slabby
1672, thin
1673, dihedral
1674, crack
1674, cruxy
1674, face
1674, bouldery
1675, face
1676, crack
1676, face
1678, roof
1678, slopers
1678, off-width
1751, roof
1751, bouldery
1751, off-width
1751, undercling
1752, face
1752, pocketed
1752, arete
1752, crimpy
1752, thin
1753, face
1753, bouldery
1754, huecos
1755, crack
1755, thin
1756, cruxy
1756, roof
1756, steep
1756, juggy
1756, pinches
1756, powerful
1757, cruxy
1757, crimpy
1758, roof
1758, pocketed
1758, steep
1758, bouldery
1758, crimpy
1758, flake
1758, classic
1759, bouldery
1760, face
1760, slabby
1760, arete
1760, dihedral
1761, cruxy
1761, bouldery
1762, cruxy
1762, crimpy
1762, slopers
1762, sequential
1763, crimpy
1764, slabby
1764, juggy
1764, arete
1764, corner
1765, cruxy
1765, thin
1766, cruxy
1766, pocketed
1766, bouldery
1766, undercling
1767, crack
1768, dihedral
1769, cruxy
1769, face
1769, bouldery
1770, crack
1770, face
1771, arete
1776, cruxy
1776, pocketed
1776, crimpy
1776, vertical
1777, cruxy
1777, steep
1777, flake
1777, sequential
1778, steep
1778, bouldery
1784, cruxy
1784, steep
1784, juggy
1784, crimpy
1784, thin
1784, vertical
1784, layback
1786, cruxy
1786, juggy
1786, slopers
1786, sequential
1787, cruxy
1787, bouldery
1787, juggy
1787, pumpy
1787, slopers
1789, cruxy
1789, bouldery
1789, arete
1789, crimpy
1789, flake
1789, technical
1790, crack
1790, cruxy
1790, steep
1790, thin
1790, huecos
1790, vertical
1790, slopers
1790, sustained
1791, face
1791, juggy
1791, arete
1791, dihedral
1791, huecos
1791, technical
1791, vertical
1791, pumpy
1791, tricky
1791, balancy
1791, powerful
1792, steep
1792, flake
1792, pumpy
1793, pocketed
1793, steep
1793, bouldery
1793, thin
1793, classic
1794, pinches
1795, cruxy
1795, thin
1795, pumpy
1796, pocketed
1796, steep
1796, juggy
1796, crimpy
1796, thin
1796, flake
1796, slopers
1796, pinches
1796, powerful
1797, bouldery
1799, bouldery
1800, crimpy
1800, pumpy
1800, slopers
1800, sequential
1801, cruxy
1801, pumpy
1802, steep
1802, bouldery
1802, juggy
1802, thin
1802, pumpy
1802, slopers
1803, steep
1803, juggy
1803, crimpy
1804, pocketed
1804, huecos
1804, pinches
1805, roof
1805, pocketed
1805, steep
1805, juggy
1805, classic
1805, pinches
1806, pocketed
1806, crimpy
1806, slopers
1806, pinches
1807, steep
1807, bouldery
1807, juggy
1808, cruxy
1808, face
1808, technical
1809, cruxy
1809, crimpy
1810, thin
1811, juggy
1812, crack
1812, thin
1812, off-width
1812, stem
1813, thin
1813, pinches
1815, steep
1815, pumpy
1815, classic
1816, pocketed
1817, face
1817, roof
1817, pocketed
1817, steep
1817, thin
1817, vertical
1817, undercling
1818, roof
1818, steep
1818, bouldery
1818, juggy
1818, thin
1818, classic
1818, slopers
1819, cruxy
1819, steep
1819, juggy
1820, cruxy
1820, steep
1820, crimpy
1820, thin
1820, huecos
1821, cruxy
1821, steep
1821, bouldery
1821, juggy
1821, tricky
1822, bouldery
1822, crimpy
1822, classic
1822, stem
1823, cruxy
1823, roof
1823, steep
1823, crimpy
1823, thin
1823, flake
1823, technical
1823, slopers
1823, sequential
1824, pocketed
1824, steep
1824, corner
1824, flake
1824, layback
1825, cruxy
1825, technical
1825, sustained
1826, face
1826, slabby
1826, huecos
1826, technical
1826, layback
1827, steep
1827, slabby
1827, huecos
1827, classic
1828, face
1828, roof
1828, steep
1828, bouldery
1828, thin
1828, huecos
1828, classic
1828, sustained
1829, steep
1829, bouldery
1829, crimpy
1830, arete
1830, thin
1830, technical
1830, sustained
1830, balancy
1830, stem
1831, crack
1831, pocketed
1831, bouldery
1831, crimpy
1832, face
1832, roof
1832, pocketed
1832, steep
1832, slabby
1833, face
1833, steep
1833, slabby
1833, juggy
1833, vertical
1833, slopers
1833, balancy
1835, crimpy
1836, pocketed
1836, steep
1836, slabby
1836, pinches
1837, balancy
1838, crack
1838, cruxy
1838, stem
1839, crack
1839, face
1839, steep
1839, bouldery
1839, slabby
1839, corner
1840, cruxy
1840, thin
1840, corner
1841, cruxy
1841, face
1841, bouldery
1841, sequential
1842, face
1842, steep
1842, juggy
1842, crimpy
1843, crack
1843, steep
1843, slabby
1843, juggy
1843, arete
1843, dihedral
1844, crack
1844, face
1844, dihedral
1844, thin
1844, huecos
1844, vertical
1844, off-width
1845, technical
1846, arete
1846, huecos
1847, crack
1847, face
1847, bouldery
1847, huecos
1848, crack
1848, cruxy
1848, face
1848, pocketed
1848, crimpy
1848, sequential
1849, crack
1849, roof
1849, steep
1849, tricky
1850, cruxy
1850, steep
1850, slabby
1850, thin
1850, technical
1851, face
1851, pocketed
1851, steep
1851, bouldery
1851, crimpy
1851, thin
1851, pumpy
1851, sustained
1852, pocketed
1852, bouldery
1852, slopers
1853, crack
1853, face
1853, pocketed
1853, steep
1853, bouldery
1853, juggy
1853, arete
1853, dihedral
1853, crimpy
1853, thin
1853, corner
1853, tricky
1853, stem
1854, face
1854, slabby
1854, technical
1855, crimpy
1855, slopers
1855, undercling
1856, crack
1856, cruxy
1856, face
1856, arete
1856, crimpy
1856, thin
1856, technical
1857, cruxy
1857, face
1857, roof
1857, pocketed
1857, crimpy
1857, corner
1857, huecos
1857, pumpy
1857, classic
1857, sustained
1857, stem
1858, chimney
1859, cruxy
1859, roof
1859, steep
1859, juggy
1859, thin
1859, huecos
1859, classic
1859, powerful
1861, crimpy
1861, huecos
1861, slopers
1862, crack
1862, cruxy
1862, roof
1862, off-width
1863, face
1863, roof
1863, bouldery
1864, cruxy
1864, pocketed
1864, technical
1864, pumpy
1864, balancy
1866, steep
1866, crimpy
1866, thin
1866, technical
1866, balancy
1867, cruxy
1867, arete
1867, technical
1868, cruxy
1868, steep
1868, crimpy
1868, sustained
1869, pocketed
1869, slabby
1869, juggy
1869, vertical
1869, pinches
1870, cruxy
1870, pocketed
1870, steep
1870, classic
1870, slopers
1871, crack
1871, face
1871, dihedral
1871, thin
1871, layback
1871, stem
1872, cruxy
1872, roof
1872, tricky
1872, balancy
1873, cruxy
1873, pocketed
1873, vertical
1874, juggy
1875, cruxy
1875, steep
1875, juggy
1875, sequential
1876, slabby
1876, pumpy
1876, slopers
1876, sustained
1877, cruxy
1877, juggy
1877, flake
1877, sequential
1877, stem
1878, steep
1878, bouldery
1880, cruxy
1880, pocketed
1881, crack
1881, dihedral
1883, cruxy
1883, pocketed
1883, steep
1883, flake
1883, sequential
1884, undercling
1885, cruxy
1885, pocketed
1885, bouldery
1885, crimpy
1886, slabby
1886, vertical
1887, face
1887, pocketed
1887, juggy
1887, thin
1887, flake
1887, sequential
1887, layback
1888, pocketed
1888, slabby
1888, arete
1888, technical
1888, slopers
1889, pocketed
1889, bouldery
1889, flake
1889, sustained
1890, face
1891, corner
1891, stem
1892, slabby
1893, thin
1893, vertical
1894, thin
1894, classic
1895, cruxy
1895, face
1895, slabby
1895, thin
1895, technical
1896, roof
1896, pocketed
1896, crimpy
1896, undercling
1897, steep
1897, juggy
1898, chimney
1898, ledges
1898, sustained
1898, stem
1899, crack
1899, cruxy
1899, face
1899, steep
1899, slabby
1899, thin
1899, flake
1899, huecos
1899, slopers
1899, balancy
1900, roof
1900, pocketed
1900, bouldery
1900, pumpy
1900, sequential
1901, cruxy
1901, slabby
1901, thin
1901, sequential
1901, sustained
1902, cruxy
1902, pocketed
1902, juggy
1902, thin
1902, pumpy
1903, cruxy
1903, arete
1904, cruxy
1904, pocketed
1904, steep
1904, flake
1904, vertical
1904, pumpy
1905, cruxy
1905, roof
1905, pocketed
1905, slopers
1906, cruxy
1906, steep
1906, juggy
1906, pinches
1907, cruxy
1907, sustained
1908, face
1908, pocketed
1908, flake
1909, bouldery
1909, arete
1909, dihedral
1909, corner
1910, crack
1910, steep
1910, slabby
1910, layback
1911, crack
1911, cruxy
1911, bouldery
1911, pumpy
1911, ledges
1911, sequential
1912, face
1912, pocketed
1912, thin
1912, flake
1913, face
1913, slabby
1913, arete
1914, cruxy
1914, pumpy
1915, steep
1915, bouldery
1915, corner
1915, pinches
1916, cruxy
1916, roof
1916, pocketed
1916, steep
1916, slabby
1916, thin
1916, technical
1916, tricky
1917, ledges
1918, crack
1919, face
1919, roof
1919, dihedral
1919, tricky
1920, cruxy
1920, bouldery
1921, slabby
1921, ledges
1922, bouldery
1922, slabby
